連番,氏名,メールアドレス,パスワード
1,玉置春子,haruko8135@nqqxfismhy.gwj,44spiSNk
2,今泉吉郎,uimaizumi@yuxv.lzl,FtxBNdV4
3,生田俊彦,toshihiko7793@ptkwuuhp.tbi.rut,pr0YOVMd
4,古田正美,masami48857@jtwc.ej,ekm-SVvt
5,関一和理,ikan@ivrx.mzwwc.jqv,LkBjY-4g
6,菅好,yoshi1642@tudywhkqgs.cm,OVIo318k
7,早川秀雄,hideo446@lzbjmel.rgu,",BsxzTTz"
8,土井優花,adoi@ayjbnuqxrj.dn,NJ5iqsY2
9,石井航大,koudai93231@odpzoszh.ye,dGT9Eb-5
10,三谷晴香,haruka5562@zxhsryhid.odl,6PKOvEg-
11,寺本勝子,katsuko896@zxgfqomy.dt,eoOTivZL
12,野田真海,mami24999@xsevwfjcfk.hqw.qjj,4_N6fWsY
13,飯野詩央李,bqxftbnpmyushiori94582@ivasl.kq,f34w9bNb
14,古川正洋,Masahiro_Furukawa@kdcygy.lwqmk.ig,wl_jUoeZ
15,大山欽也,wecshvrvkhbdkinya87486@ltlp.bsht.tpr,",9RH-W-l"
16,井上萌子,oinoue@whccgbbo.bex,-_LJME50
17,杉野明夫,akiosugino@dtnnbltdi.eal,1gKdOeRr
18,向井隆吾,xsnigd-osruinhqryuugo15911@pkcpx.qm,TznjMeBr
19,安斉成良,ianzai@wjrosnn.zo,"j5,hWYJA"
20,若山覚,satoshi317@rdpmfukwjp.gpn,qpJks66k
